from,to
79,80
80,81
81,82
82,83
83,84
84,85
85,86
86,87
87,88
87,89
87,90
90,91
90,92
90,93
93,94
93,95
84,96
96,97
97,98
98,99
99,100
100,101
102,103
103,104
104,105
105,106
106,107
107,108
108,109
109,110
110,111
111,112
112,113
113,114
115,116
116,117
117,118
118,119
119,120
120,121
121,122
122,123
123,124
124,125
125,126
126,127
128,129
129,130
130,131
131,132
132,133
133,134
134,135
135,136
136,137
137,138
138,139
139,140
169,170
170,171
171,172
172,173
173,174
174,175
175,176
177,178
178,179
179,180
180,181
181,182
182,183
183,184
184,185
186,187
187,188
188,189
189,190
190,191
191,192
192,193
193,194
194,195
196,197
197,198
198,199
200,201
201,202
202,203
203,204
204,205
205,206
206,207
207,208
208,209
210,211
211,212
212,213
213,214
214,215
215,216
216,217
218,219
219,220
220,221
221,222
222,223
223,224
224,225
226,227
227,228
228,229
229,230
230,231
231,232
232,233
234,235
235,236
236,237
237,238
238,239
239,240
240,241
242,243
243,244
244,245
245,246
246,247
247,248
248,249
250,251
251,252
252,253
253,254
254,255
255,256
256,257
258,259
259,260
259,261
261,262
261,263
263,264
264,265
264,266
266,267
267,268
269,270
270,271
271,272
272,273
273,274
274,275
276,277
277,278
278,279
279,280
280,281
281,282
144,145
145,146
147,148
148,149
296,297
283,287
283,284
284,285
285,286
288,289
288,290
291,292
292,293
293,294
294,295
141,142
141,143
150,151
150,152
152,153
155,156
156,157
157,158
160,161
161,162
163,164
164,165
165,166