lon_UTM,lat_UTM,PGA,PGV,PGD
-10051482.101687843,4167279.0634099655,0.22488083683500001,22.238673140031743,21.53990186498813
-10051482.101687843,4165104.2753859987,0.23179097571375004,21.345988112495622,0.0
-10049700.989835152,4167279.0634099655,0.23107529896875,22.056232365807638,0.0
-10049700.989835152,4165104.2753859987,0.227850609165,21.179261572639202,0.0
-10047919.87798246,4167279.0634099655,0.22598023693125,21.859778904156183,0.0
-10047919.87798246,4165104.2753859987,0.22367061038499997,20.999561402927768,0.0
-10046138.766129766,4167279.0634099655,0.21932719400125003,21.65022651273654,0.0
-10046138.766129766,4165104.2753859987,0.20920089617125,20.807687721281486,18.319634051170475
-10044357.654277075,4167279.0634099655,0.21707715163,21.42851700575911,19.937220016011253
-10044357.654277075,4165104.2753859987,0.21032530334500002,20.60446750468445,18.550559174479382
-10042576.542424383,4167279.0634099655,0.21400991055625,21.19561058724405,19.307285380489844
-10042576.542424383,4165104.2753859987,0.21212208757999998,20.390746385738776,18.919573736742503
-10040795.430571688,4167279.0634099655,0.21379666155125002,20.952476615595348,19.26348936608798
-10040795.430571688,4165104.2753859987,0.20752621939625002,20.167380759985914,17.975697308504856
-10039014.318718998,4173805.982928689,0.22824214397250003,23.26577308566398,0.0
-10039014.318718998,4171629.9168448113,0.22267464695875,22.362244045975086,0.0
-10039014.318718998,4169454.2771174465,0.2123563556,21.5080882169327,0.0
-10039014.318718998,4167279.0634099655,0.21039620701624998,20.700084930582012,18.565121015962344
-10039014.318718998,4165104.2753859987,0.1970336486675,19.93523031545213,15.820785595087823
-10037233.206866305,4202133.794113195,0.33493951093249996,40.155002757568155,82.67217466907515
-10037233.206866305,4180336.742689733,0.23697179173499996,25.867004062177948,0.0
-10037233.206866305,4178159.3955138554,0.226762372955,24.832386834429094,21.92632234563313
-10037233.206866305,4175982.475705984,0.224883725635,23.85420745686301,21.54049515228813
-10037233.206866305,4173805.982928689,0.21723501994875,22.929005996881223,19.969642221974535
-10037233.206866305,4171629.9168448113,0.20993102017624998,22.05350333838267,18.469583268697345
-10037233.206866305,4169454.2771174465,0.2081958897925,21.22460451561987,18.113230866134696
-10037233.206866305,4167279.0634099655,0.19555340842875002,20.43939784747546,15.516781256054545
-10037233.206866305,4165104.2753859987,0.2012380798025,19.695151075792847,16.68427063943844
-10035452.095013613,4204315.864683537,0.3384148456175,40.737114138962305,85.44785690603251
-10035452.095013613,4202133.794113195,0.32294292329125,38.965907137800585,73.09073338699076
-10035452.095013613,4199952.154640159,0.316580418205,37.27495248306163,68.00912428997952
-10035452.095013613,4180336.742689733,0.23265564187249999,25.417748699426426,23.136652449564693
-10035452.095013613,4178159.3955138554,0.23371675715249998,24.421691932252244,23.35457900019469
-10035452.095013613,4175982.475705984,0.22299532448874998,23.47820688982498,21.15266476687703
-10035452.095013613,4173805.982928689,0.21558993720499997,22.58426164591779,19.631783353476877
-10035452.095013613,4171629.9168448113,0.209891038425,21.73695552993507,18.46137201653438
-10035452.095013613,4169454.2771174465,0.205092632835,20.93352801167689,17.475899468488137
-10035452.095013613,4167279.0634099655,0.1980289826675,20.171362896528937,16.025202315337822
-10035452.095013613,4165104.2753859987,0.19006819293249996,19.447989027831998,14.390255123512183
-10033670.98316092,4204315.864683537,0.32281200222625,39.44444479338544,72.9861692780626
-10033670.98316092,4202133.794113195,0.31078406335375,37.79496541306562,63.37968837718604
-10033670.98316092,4199952.154640159,0.29915530821624997,36.213933479637156,54.092027763547996
-10033670.98316092,4180336.742689733,0.22870447546999997,24.9622728615723,22.32518164965125
-10033670.98316092,4178159.3955138554,0.2182443007425,24.00450050961346,20.17692326499094
-10033670.98316092,4175982.475705984,0.20987906803999998,23.095564602853624,18.458913598715
-10033670.98316092,4173805.982928689,0.2119847414775,22.23283177217435,18.89136628094156
-10033670.98316092,4171629.9168448113,0.20100070861875,21.413756208091954,16.635520532575786
-10033670.98316092,4169454.2771174465,0.20376306862,20.6358929763431,17.202840217832502
-10033670.98316092,4167279.0634099655,0.1921078989875,19.89690636020476,14.809159754557816
-10033670.98316092,4165104.2753859987,0.18715969625249998,19.194574383992546,13.792922617857192
-10031889.871308228,4204315.864683537,0.32130297470499997,38.181079861277986,71.78093833904202
-10031889.871308228,4202133.794113195,0.31392093197875004,36.64593248824842,65.88504435330587
-10031889.871308228,4199952.154640159,0.29446786457374996,35.16880142589647,50.348257671020725
-10031889.871308228,4180336.742689733,0.22184136597249998,24.502273560329453,20.91567053660219
-10031889.871308228,4178159.3955138554,0.21718784058124999,23.58234084000075,19.95995275937422
-10031889.871308228,4175982.475705984,0.20857887653875,22.707655693505885,18.191886769145793
-10031889.871308228,4173805.982928689,0.21185954996,21.875953034795454,18.86565507303501
-10031889.871308228,4171629.9168448113,0.19964501158874998,21.08501732840696,8.178547127519765
-10031889.871308228,4169454.2771174465,0.1927811298525,20.33269931191782,7.473712271728596
-10031889.871308228,4167279.0634099655,0.18730929758624998,19.61692763646621,6.911823495888047
-10031889.871308228,4165104.2753859987,0.18489077120375,18.935716510831448,6.66347106798508
-10030108.759455536,4210864.666386093,0.35347323785750007,41.48467110092933,0.0
-10030108.759455536,4208681.3004789455,0.33521300775125,39.93721627245454,0.0
-10030108.759455536,4206498.366691818,0.32820256961375,38.42339216814614,0.0
-10030108.759455536,4204315.864683537,0.30635792321125,36.94993546575628,0.0
-10030108.759455536,4202133.794113195,0.303163955895,35.521831752041436,0.0
-10030108.759455536,4199952.154640159,0.2895426040625,34.14257508720395,0.0
-10030108.759455536,4189050.4118311545,0.24864980262000003,28.02572983359701,26.42145321308251
-10030108.759455536,4186871.35180366,0.24216403314750004,26.957228686386348,25.089438307667823
-10030108.759455536,4178159.3955138554,0.21865020656625,23.156648379857522,20.260286173543605
-10030108.759455536,4175982.475705984,0.21023140741375002,22.315779905301916,18.531275297598913
-10030108.759455536,4173805.982928689,0.20611054779,21.51480109000719,17.684953752371253
-10030108.759455536,4171629.9168448113,0.19769601491750002,20.751801617894625,7.978409531840785
-10030108.759455536,4169454.2771174465,0.19502426911375004,20.024907338774653,7.704054634618209
-10030108.759455536,4167279.0634099655,0.18918905935124997,19.332294434643153,7.104851532131482
-10030108.759455536,4165104.2753859987,0.18665838719500003,18.672199537114604,6.844983135086566
-10028327.647602843,4213048.464754704,0.34608746022625,41.37685768878777,0.0
-10028327.647602843,4210864.666386093,0.34560866494625003,39.93778034233175,91.19342052408487
-10028327.647602843,4208681.3004789455,0.33759322016625,38.51547289294512,84.79164063416954
-10028327.647602843,4206498.366691818,0.31375160444,37.118378534888656,65.74980574058614
-10028327.647602843,4204315.864683537,0.3084613798025,35.75318709131963,61.52460618809396
-10028327.647602843,4202133.794113195,0.2961759887775,34.42503425761295,0.0
-10028327.647602843,4199952.154640159,0.28515935527625,33.137706446515864,0.0
-10028327.647602843,4197770.945924063,0.2768129448875,31.893839934310883,0.0
-10028327.647602843,4191229.9009177824,0.25308769400500003,28.435904243375013,0.0
-10028327.647602843,4189050.4118311545,0.245352969805,27.37538197373919,25.74436617370188
-10028327.647602843,4186871.35180366,0.23060527522625,26.36012971770688,22.715558399591092
-10028327.647602843,4178159.3955138554,0.20982428730125002,22.728761642659652,18.44766300449423
-10028327.647602843,4175982.475705984,0.20911408423875003,21.92115721390485,9.150902525266645
-10028327.647602843,4173805.982928689,0.20098233839000001,21.150486110008064,16.63174774684626
-10028327.647602843,4171629.9168448113,0.19465329636,20.41511817553943,7.665960369967505
-10028327.647602843,4169454.2771174465,0.19033224761625,19.713433574102154,7.222242677093673
-10028327.647602843,4167279.0634099655,0.1834477376775,19.04383879133129,6.515289562758281
-10028327.647602843,4165104.2753859987,0.18358176661625003,18.40477863902304,6.529052659406175
-10026546.53575015,4215232.695926495,0.35831309933374994,41.09132066860212,101.3402052387124
-10026546.53575015,4213048.464754704,0.35317987067124995,39.772823649622005,97.24039531875319
-10026546.53575015,4210864.666386093,0.34007473473000005,38.45480510150805,86.77357806456465
-10026546.53575015,4208681.3004789455,0.32045288434874997,37.146947414253916,71.10198770103982
-10026546.53575015,4206498.366691818,0.30457320099375,35.857293804161905,58.41919337702218
-10026546.53575015,4204315.864683537,0.29515120783375004,34.59237092257797,20.81750948164232
-10026546.53575015,4202133.794113195,0.28366206544625,33.357336681398316,19.0478225182677
-10026546.53575015,4199952.154640159,0.27425396472374997,32.1561394006144,34.20380890887838
-10026546.53575015,4197770.945924063,0.26615198978125,30.991677923042367,30.015964901324228
-10026546.53575015,4195590.167624809,0.2610368626475,29.865955472539422,0.0
-10026546.53575015,4193409.8194025685,0.260508826575,28.780222618846828,0.0
-10026546.53575015,4191229.9009177824,0.24770219688875003,27.735106732214813,26.22683868602704
-10026546.53575015,4189050.4118311545,0.23540814732999998,26.730726808797545,23.701948257898756
-10026546.53575015,4186871.35180366,0.23353229386875,25.766793600857447,0.0
-10026546.53575015,4180336.742689733,0.2129689508925,23.1103756689098,9.546749144773596
-10026546.53575015,4178159.3955138554,0.20413923602375,22.2999199324558,8.64004779918883
-10026546.53575015,4175982.475705984,0.20012351286625,21.524924995203392,8.227683227453047
-10026546.53575015,4173805.982928689,0.1919096897075,20.784049639935628,7.384226261838907
-10026546.53575015,4171629.9168448113,0.18662421765125,20.07591919960649,6.8414743500627395
-10026546.53575015,4169454.2771174465,0.18763805386,19.399147456256877,6.945582655748753
-10026546.53575015,4167279.0634099655,0.18453375272125,18.75235387773443,6.626809732563362
-10026546.53575015,4165104.2753859987,0.1804652958725,18.134176986410203,6.209030069907344
-10024765.423897458,4215232.695926495,0.34492249126,39.44689924716296,90.64538694314311
-10024765.423897458,4213048.464754704,0.33889568950374993,38.242960742905986,85.83189756823812
-10024765.423897458,4210864.666386093,0.31878878422125,37.03486171501203,69.77290328670809
-10024765.423897458,4208681.3004789455,0.30537129139125,35.8315743377745,22.39172172710849
-10024765.423897458,4206498.366691818,0.29099902810375,34.6406856374063,20.177944047605745
-10024765.423897458,4204315.864683537,0.28140587674875,33.46847796066893,18.700298952955897
-10024765.423897458,4202133.794113195,0.27343377627875,32.32003586229789,17.472346352436215
-10024765.423897458,4199952.154640159,0.2756341272125,31.19936764378781,17.8112691572004
-10024765.423897458,4197770.945924063,0.26264739324874997,30.109532356899937,15.81090629134652
-10024765.423897458,4195590.167624809,0.24691331088000001,29.05276550039032,13.387365916485
-10024765.423897458,4193409.8194025685,0.25253880887374996,28.030598733152544,27.220157872446407
-10024765.423897458,4191229.9009177824,0.24295394674625,27.04397063998023,25.251666813011102
-10024765.423897458,4189050.4118311545,0.23366796548375,26.093326918058818,23.34455841122516
-10024765.423897458,4186871.35180366,0.22690822231625,25.178709339442758,21.956276158199845
-10024765.423897458,4184692.7204965428,0.22502170260124998,24.299833540357394,21.56883217173172
-10024765.423897458,4182514.517571309,0.21241537101625002,23.45615614961433,9.489903411231177
-10024765.423897458,4180336.742689733,0.20788364637374998,22.6469320498209,9.024551937004452
-10024765.423897458,4178159.3955138554,0.20287273843874998,21.87126271348609,8.50999432842914
-10024765.423897458,4175982.475705984,0.20034683982499998,21.12813661034681,8.250616114529688
-10024765.423897458,4173805.982928689,0.18809965831625,20.41646267271537,13.985967326699846
-10024765.423897458,4171629.9168448113,0.18420892290875,19.735097755538003,6.593453771192266
-10024765.423897458,4169454.2771174465,0.18054282077,19.08286895408853,6.216990907819376
-10024765.423897458,4167279.0634099655,0.18135388524249996,18.45859155689207,6.300277090839217
-10024765.423897458,4165104.2753859987,0.17946208338875,17.861083322664637,6.1060126879822665
-10022984.312044766,4217417.360243447,0.3484439548375,38.96885784833953,93.45791142958946
-10022984.312044766,4215232.695926495,0.33972277670375,37.885491805276445,86.492476032627
-10022984.312044766,4213048.464754704,0.325941834295,36.78492784939999,25.560228163751734
-10022984.312044766,4210864.666386093,0.31963516430625,35.67661102779333,24.588803902047076
-10022984.312044766,4208681.3004789455,0.299243483595,34.56880911969912,21.44784783249235
-10022984.312044766,4206498.366691818,0.30057568942375,33.46862388457239,21.653049161552
-10022984.312044766,4204315.864683537,0.28394590981999995,32.3820397361505,19.091543421961873
-10022984.312044766,4202133.794113195,0.28371124475625004,31.313998465427215,19.055397668861144
-10022984.312044766,4199952.154640159,0.26534601743374997,30.26849022952789,16.226578747842304
-10022984.312044766,4197770.945924063,0.2617251938375,29.24865285182575,15.668858763282426
-10022984.312044766,4195590.167624809,0.2506761094175,28.25687329727461,26.837605971619077
-10022984.312044766,4193409.8194025685,0.2471241531075,27.294886843487507,13.41984220833961
-10022984.312044766,4191229.9009177824,0.23631329725,26.363870883734197,23.887843422718756
-10022984.312044766,4189050.4118311545,0.228680757685,25.46453144695097,11.160155304778442
-10022984.312044766,4186871.35180366,0.2211608189125,24.597181410478527,10.387951592077346
-10022984.312044766,4184692.7204965428,0.21587577797875,23.76181004145936,9.845243951192892
-10022984.312044766,4182514.517571309,0.21346349589124997,22.958143969203732,9.597532734332734
-10022984.312044766,4180336.742689733,0.20897561111875,22.18570000144381,9.136683066756643
-10022984.312044766,4178159.3955138554,0.20115792080875003,21.44383038774504,8.333903993048521
-10022984.312044766,4175982.475705984,0.19823941593624997,20.731761234302414,8.034210023953671
-10022984.312044766,4173805.982928689,0.19121882091,20.048624811325784,7.313282672195626
-10022984.312044766,4171629.9168448113,0.18926883825625002,19.393486487397848,7.113043828438679
-10022984.312044766,4169454.2771174465,0.17868727231125,18.765366989992792,6.026449275461485
-10022984.312044766,4167279.0634099655,0.18022995855249999,18.16326063929387,6.184863868859844
-10022984.312044766,4165104.2753859987,0.1794144810225,17.586150141676722,6.10112451999797
-10021203.200192073,4217417.360243447,0.35346614002124993,37.391550594507706,97.46903308224975
-10021203.200192073,4215232.695926495,0.32943202712374997,36.40335382000656,78.2734544409895
-10021203.200192073,4213048.464754704,0.31874496340375,35.39610980383245,24.45168514428388
-10021203.200192073,4210864.666386093,0.3064049625025,34.378373948288264,22.55093938046321
-10021203.200192073,4208681.3004789455,0.29773053497,33.35773190236153,21.21480646459782
-10021203.200192073,4206498.366691818,0.28888658739375,32.34079095719193,19.852562164493555
-10021203.200192073,4204315.864683537,0.27859553980125,31.33320512266684,18.267419240011293
-10021203.200192073,4202133.794113195,0.27011711531875,30.33972490648031,16.96147691894122
-10021203.200192073,4199952.154640159,0.2518881199075,29.364263784332277,14.153641969502115
-10021203.200192073,4197770.945924063,0.2504148258675,28.409974603088497,26.783944862537833
-10021203.200192073,4195590.167624809,0.246389518735,27.479330495361832,13.306685557650471
-10021203.200192073,4193409.8194025685,0.2358251807125,26.574206165732036,11.893798244414846
-10021203.200192073,4191229.9009177824,0.23420966574374996,25.695956552879096,11.727905051061327
-10021203.200192073,4189050.4118311545,0.23308559180875002,24.84549083861891,23.224953417722038
-10021203.200192073,4186871.35180366,0.22299656652500002,24.023340554905786,10.576459925035945
-10021203.200192073,4184692.7204965428,0.21283334105499999,23.229721143379617,9.532823709585314
-10021203.200192073,4182514.517571309,0.2057897547775,22.464586769742308,8.809535443714532
-10021203.200192073,4180336.742689733,0.20096055739625002,21.727678512284317,8.313637237627425
-10021203.200192073,4178159.3955138554,0.1986224835225,21.01856625583094,8.07354627671672
-10021203.200192073,4175982.475705984,0.199922187365,20.336684752896115,8.20700961504344
-10021203.200192073,4173805.982928689,0.1904837199675,19.681364383363544,7.237796994162657
-10021203.200192073,4171629.9168448113,0.18324695674875002,19.05185716954206,6.494671871137269
-10021203.200192073,4169454.2771174465,0.1801805166375,18.44735859846066,6.179786802213283
-10021203.200192073,4167279.0634099655,0.17686205962625004,17.867025778295815,5.839022747870555
-10021203.200192073,4165104.2753859987,0.17900157991500001,17.30999241859412,6.058724737521566
-10019422.08833938,4217417.360243447,0.32391586648125,35.89934906733444,73.86780419450393
-10019422.08833938,4215232.695926495,0.32416843957499997,34.99666813632392,25.287069958286718
-10019422.08833938,4213048.464754704,0.31100180891125,34.07371623210131,23.258997378860983
-10019422.08833938,4210864.666386093,0.3018501667475,33.13822639857998,21.84935849682586
-10019422.08833938,4208681.3004789455,0.295167429715,32.19713502564898,20.820008158288594
-10019422.08833938,4206498.366691818,0.28092763214499994,31.256559930845196,18.626634338834528
-10019422.08833938,4204315.864683537,0.2717381910475,30.321808249527532,17.211173239785246
-10019422.08833938,4202133.794113195,0.26605792974375,29.39740712762264,29.996647321122662
-10019422.08833938,4199952.154640159,0.25268637841125,28.487150739192238,27.25046496621048
-10019422.08833938,4197770.945924063,0.25225734077125,27.594157974706533,14.210513520671608
-10019422.08833938,4195590.167624809,0.24468503277875,26.720936102799307,13.04414145520184
-10019422.08833938,4193409.8194025685,0.239874315375,25.869446679142854,12.309593760070316
-10019422.08833938,4191229.9009177824,0.22696445436499998,25.04117088213675,10.983912407605938
-10019422.08833938,4189050.4118311545,0.222343126085,24.237172251362807,21.01871951970688
-10019422.08833938,4186871.35180366,0.21280661634250003,23.45815547172585,9.530079415670476
-10019422.08833938,4184692.7204965428,0.20362560247125003,22.70452038211312,8.58730405376649
-10019422.08833938,4182514.517571309,0.20861138403875,21.976410801557627,9.099281498479142
-10019422.08833938,4180336.742689733,0.19904312116625,21.27375807340421,8.1167405047593
-10019422.08833938,4178159.3955138554,0.19910874971249995,20.59631944628831,8.123479736102341
-10019422.08833938,4175982.475705984,0.19235578929875,19.94371155724594,7.430035113615393
-10019422.08833938,4173805.982928689,0.18126561782875,19.315439372860666,6.291213130789768
-10019422.08833938,4171629.9168448113,0.17941916145125,18.710920992829163,6.101605141525234
-10019422.08833938,4169454.2771174465,0.17643850494875,18.129508738120485,5.795528976924767
-10019422.08833938,4167279.0634099655,0.178919902045,17.57050694226606,6.050337441245939
-10019422.08833938,4165104.2753859987,0.17189133128625003,17.033186846313548,5.3285910814568
-10017640.976486688,4217417.360243447,0.3275201042975,34.487374697187754,25.803331065074303
-10017640.976486688,4215232.695926495,0.31109471090124996,33.66161850781817,23.273307188508166
-10017640.976486688,4213048.464754704,0.31381742651875,32.81485942041213,23.69269047846622
-10017640.976486688,4210864.666386093,0.29546092565125,31.95407651033062,20.865215704219104
-10017640.976486688,4208681.3004789455,0.29235416143875,31.085596089910187,20.386676929112465
-10017640.976486688,4206498.366691818,0.28011152250125,30.215061316136293,18.500927950270665
-10017640.976486688,4204315.864683537,0.26747583154125,29.34742784916286,30.287848902784223
-10017640.976486688,4202133.794113195,0.258176378585,28.486980151963806,15.122230313920786
-10017640.976486688,4199952.154640159,0.24852965857249998,27.637363250653486,13.636333971995391
-10017640.976486688,4197770.945924063,0.24303143187750004,26.801625285071246,12.789435241381183
-10017640.976486688,4195590.167624809,0.24250044975750001,25.98226684346693,12.707647401709925
-10017640.976486688,4193409.8194025685,0.22750566789750004,25.18129379446804,11.039488272224537
-10017640.976486688,4191229.9009177824,0.22513429801874998,24.400271033423426,10.795978227800392
-10017640.976486688,4189050.4118311545,0.2118447444675,23.64037520372834,18.86261439501282
-10017640.976486688,4186871.35180366,0.2120387515775,22.9024450124395,9.45122930261453
-10017640.976486688,4184692.7204965428,0.2053695215525,22.18702822433168,8.766382744422344
-10017640.976486688,4182514.517571309,0.1975389713025,21.494424790914657,7.962283115625469
-10017640.976486688,4180336.742689733,0.19787673310749998,20.82472585849801,7.996967030976406
-10017640.976486688,4178159.3955138554,0.19190313579,20.177848613170493,7.383553256435632
-10017640.976486688,4175982.475705984,0.18912511197,19.553567072743704,7.098284935419377
-10017640.976486688,4173805.982928689,0.18510067114875,18.95153903817386,6.685025168587266
-10017640.976486688,4171629.9168448113,0.18383313164999998,18.371329480595964,6.554864706309373
-10017640.976486688,4169454.2771174465,0.179676969865,17.812430674254948,6.12807884301219
-10017640.976486688,4167279.0634099655,0.17839824348875,17.27427939819595,5.996769628251015
-10017640.976486688,4165104.2753859987,0.1726847640075,16.756271526807136,5.410066704020157
-10015859.864633996,4217417.360243447,0.3163755068375,33.15092259262802,24.08671478756368
-10015859.864633996,4215232.695926495,0.3130820806675,32.39444420999716,23.57942423781586
-10015859.864633996,4213048.464754704,0.2983329370625,31.61661488593244,21.307595211908215
-10015859.864633996,4210864.666386093,0.28903063355874997,30.82372672959197,19.87474977534621
-10015859.864633996,4208681.3004789455,0.28138798166875,30.021538363252848,18.69754255141466
-10015859.864633996,4206498.366691818,0.27188222034375,29.215239586940733,32.30954278982421
-10015859.864633996,4204315.864683537,0.26861205656875,28.409438590974716,16.72965083835527
-10015859.864633996,4202133.794113195,0.2505499562375,27.608167581233815,13.947522946707421
-10015859.864633996,4199952.154640159,0.24552898042499996,26.814902714735112,13.174135766088284
-10015859.864633996,4197770.945924063,0.239267832225,26.032594529481976,12.247315521604689
-10015859.864633996,4195590.167624809,0.23159128055249997,25.263705495807205,11.459029621734848
-10015859.864633996,4193409.8194025685,0.22425504883374997,24.51025183659551,10.705690327115704
-10015859.864633996,4191229.9009177824,0.22625886633625,23.773847300244892,10.911457336903675
-10015859.864633996,4189050.4118311545,0.21342117332000002,23.055747081176285,19.18637347059501
-10015859.864633996,4186871.35180366,0.211923264005,22.35689054234349,9.43937017251344
-10015859.864633996,4184692.7204965428,0.19445040375749997,21.67794178949443,7.64512583584828
-10015859.864633996,4182514.517571309,0.19500597439874998,21.019327474143026,7.70217599607164
-10015859.864633996,4180336.742689733,0.19367491861875,20.38127146370865,7.565493205662891
-10015859.864633996,4178159.3955138554,0.18877330318375002,19.763826219191742,7.062158570681331
-10015859.864633996,4175982.475705984,0.18255272564875,19.16690087109202,6.423383015056017
-10015859.864633996,4173805.982928689,0.18179402176124998,18.590286091548,6.3454736096083595
-10015859.864633996,4171629.9168448113,0.18028612201999997,18.033675933153237,6.190631154928749
-10015859.864633996,4169454.2771174465,0.17881149057125,17.496686850052413,6.039204938035236
-10015859.864633996,4167279.0634099655,0.17194738743875,16.978874141276524,5.334347347616641
-10015859.864633996,4165104.2753859987,0.18277340759125005,16.479746065176318,6.446044292026489
-10014078.752781304,4217417.360243447,0.31054129319125,31.88548958611747,23.188063566864734
-10014078.752781304,4215232.695926495,0.30224527443125,31.191479654510815,21.910217427238486
-10014078.752781304,4213048.464754704,0.28595232991125,30.476067815251813,19.40059481664224
-10014078.752781304,4210864.666386093,0.29151201517499997,29.744923238559604,20.256960087424222
-10014078.752781304,4208681.3004789455,0.26848883557375,29.00328025374766,30.495894605958913
-10014078.752781304,4206498.366691818,0.270845666115,28.255900604802836,17.073696508776095
-10014078.752781304,4204315.864683537,0.25884921830499996,27.507055076156234,15.225868657042035
-10014078.752781304,4202133.794113195,0.24734791295999997,26.760521359876144,13.454308218119998
-10014078.752781304,4199952.154640159,0.24268616897249998,26.019594945102536,12.73625396454539
-10014078.752781304,4197770.945924063,0.23517987924124997,25.287109941390185,11.82753384958586
-10014078.752781304,4195590.167624809,0.2299914461,24.565467027327827,11.294746621393754
-10014078.752781304,4193409.8194025685,0.21754130171874997,23.85666608120696,10.01627242024414
-10014078.752781304,4191229.9009177824,0.22055753115125,23.162341451173447,10.326001480093987
-10014078.752781304,4189050.4118311545,0.20956292472499996,22.483798221079926,18.39398566539687
-10014078.752781304,4186871.35180366,0.20307780544,21.822048200205394,8.531052146120006
-10014078.752781304,4184692.7204965428,0.19769237634625,21.177844695410133,7.978035896055548
-10014078.752781304,4182514.517571309,0.1948483888925,20.55171540634875,7.685993934398595
-10014078.752781304,4180336.742689733,0.19098277438125,19.943993016873858,7.289043644274614
-10014078.752781304,4178159.3955138554,0.18251542517624997,19.35484324127879,6.419552722786171
-10014078.752781304,4175982.475705984,0.1811120530275,18.784290227324938,6.275443945261409
-10014078.752781304,4173805.982928689,0.18185064700749998,18.23223932483657,6.351288314582654
-10014078.752781304,4171629.9168448113,0.17162560506,17.698497305083,5.301304319598749
-10014078.752781304,4169454.2771174465,0.17252254904874997,17.18279016795071,5.393409255443512
-10014078.752781304,4167279.0634099655,0.17318965695875,16.684778706319072,5.461912898951643
-10014078.752781304,4165104.2753859987,0.16937215883874998,16.204072014521376,5.06990356075414
-10012297.640928611,4217417.360243447,0.30340346534,30.686790967656055,22.08861502065188
-10012297.640928611,4215232.695926495,0.29581135453124996,30.049182220464427,20.919192702641606
-10012297.640928611,4213048.464754704,0.28148774352875,29.39034805767094,18.712908995412782
-10012297.640928611,4210864.666386093,0.27986239412249997,28.715394820687983,18.462554394681334
-10012297.640928611,4208681.3004789455,0.27133858796,28.029075439437424,17.14962187671376
-10012297.640928611,4206498.366691818,0.26024879450625,27.335751061369663,15.441447128790829
-10012297.640928611,4204315.864683537,0.25379526957250004,26.639369223536445,14.447402616339147
-10012297.640928611,4202133.794113195,0.24812218161250002,25.943456226097297,13.573569786500403
-10012297.640928611,4199952.154640159,0.23693495894125,25.251121203298414,24.015517192559223
-10012297.640928611,4197770.945924063,0.23009685134875,24.565069413976584,11.305570422874768
-10012297.640928611,4195590.167624809,0.22546750831125004,23.887622434746458,10.830194759711489
-10012297.640928611,4193409.8194025685,0.21796101100625,23.220743186341394,10.0593713177043
-10012297.640928611,4191229.9009177824,0.2170864453225,22.566064016076314,9.969564354054219
-10012297.640928611,4189050.4118311545,0.20914326105375,21.924916365235102,18.30779723891391
-10012297.640928611,4186871.35180366,0.20298046700874997,21.298360846479273,8.521056705961016
-10012297.640928611,4184692.7204965428,0.20229995237624998,20.68721682825134,8.451176359636172
-10012297.640928611,4182514.517571309,0.19091844197125,20.0920908622664,7.282437509922735
-10012297.640928611,4180336.742689733,0.19097510506749998,19.513403493084414,7.288256101618906
-10012297.640928611,4178159.3955138554,0.18558346743125,18.95141415549028,6.734602311846485
-10012297.640928611,4175982.475705984,0.18191919847374996,18.40624399832686,6.358327693273202
-10012297.640928611,4173805.982928689,0.18090870111000001,17.87789657612522,6.254562245233127
-10012297.640928611,4171629.9168448113,0.17769703876999998,17.36627642658055,5.924764668694374
-10012297.640928611,4169454.2771174465,0.17762362697874998,16.871205606912547,5.91722619538039
-10012297.640928611,4167279.0634099655,0.16927517081,16.392438299557323,5.059944102551873
-10012297.640928611,4165104.2753859987,0.17232692521375,15.929673621056327,5.373321132886955
-10010516.529075919,4215232.695926495,0.29214301913,28.9641509101593,20.354154415367816
-10010516.529075919,4213048.464754704,0.27418604656,28.356655924046624,17.588219484195
-10010516.529075919,4210864.666386093,0.26947141116125,27.7328830134318,16.862018300431295
-10010516.529075919,4208681.3004789455,0.26656509139125,27.097145093350587,16.414354233358477
-10010516.529075919,4206498.366691818,0.25794701998,26.453431001165615,15.086901921294382
-10010516.529075919,4204315.864683537,0.24076730468500002,25.805381784499392,12.440688899761414
-10010516.529075919,4202133.794113195,0.23784017808875,25.15627932168193,12.100713287488517
-10010516.529075919,4199952.154640159,0.23376114430875,24.50904534425273,23.363695012409533
-10010516.529075919,4197770.945924063,0.22447824249625,23.866248889216287,10.728609526333674
-10010516.529075919,4195590.167624809,0.2195597580725,23.23012028582056,10.223542657069844
-10010516.529075919,4193409.8194025685,0.2161215217225,22.602569940408564,9.87047876187922
-10010516.529075919,4191229.9009177824,0.21339367789625002,21.98521039068089,19.180726597942357
-10010516.529075919,4189050.4118311545,0.20699320063874999,21.379380330885255,8.933114290591641
-10010516.529075919,4186871.35180366,0.19947405391499998,20.78616954182295,8.160991911396563
-10010516.529075919,4184692.7204965428,0.1944483782075,20.206443880039167,7.644917837182657
-10010516.529075919,4182514.517571309,0.19420779774,19.64086968028633,7.620213230426251
-10010516.529075919,4180336.742689733,0.18465305735874998,19.08993709957842,6.639060827526641
-10010516.529075919,4178159.3955138554,0.17744452747,18.553982078288637,5.898834914575627
-10010516.529075919,4175982.475705984,0.18455843824749998,18.03320671438931,6.6293446275401555
-10010516.529075919,4173805.982928689,0.17985531103625,17.527697943031242,6.146392252034923
-10010516.529075919,4171629.9168448113,0.1771254048925,17.037444487972184,5.866065014898598
-10010516.529075919,4169454.2771174465,0.17560204326499998,16.56235210693985,5.709634817774687
-10010516.529075919,4167279.0634099655,0.16907756097499999,16.102257192992628,5.039652042620312
-10010516.529075919,4165104.2753859987,0.16746473702499998,15.656938821146792,4.874035183254686
-10008735.417223226,4215232.695926495,0.2785303657125,27.93313792569818,18.25738039365352
-10008735.417223226,4213048.464754704,0.2746769991775,27.372280656723294,17.663841529559296
-10008735.417223226,4210864.666386093,0.26835972920875,26.79516512585026,16.690784539685275
-10008735.417223226,4208681.3004789455,0.25137224564625,26.205703475327812,26.9805749495986
-10008735.417223226,4206498.366691818,0.24923683949500003,25.60754040277736,13.745261933464226
-10008735.417223226,4204315.864683537,0.23943380675,25.004028701179084,12.264359030640628
-10008735.417223226,4202133.794113195,0.23613906860625,24.39821545016749,11.9260306075043
-10008735.417223226,4199952.154640159,0.23090513076625002,23.792837384134224,11.388570615559304
-10008735.417223226,4197770.945924063,0.22176274266625,23.190323879412,10.449761637540549
-10008735.417223226,4195590.167624809,0.2173618960375,22.592806021949716,9.997849699350782
-10008735.417223226,4193409.8194025685,0.21130247190874996,22.002130310519973,9.375622584129763
-10008735.417223226,4191229.9009177824,0.2054249992725,21.41987569299709,8.772079612794844
-10008735.417223226,4189050.4118311545,0.20030169351875002,20.847372802816714,16.49196030641329
-10008735.417223226,4186871.35180366,0.19065245790124996,20.285724442048533,7.255124270734608
-10008735.417223226,4184692.7204965428,0.19509865224375,19.73582653379051,7.711692852280078
-10008735.417223226,4182514.517571309,0.18792362857625,19.198388931132758,6.974907609423674
-10008735.417223226,4180336.742689733,0.18243497439125,18.673955617423502,6.4112914328014865
-10008735.417223226,4178159.3955138554,0.18051150155875,18.16292396038937,6.2137748163141415
-10008735.417223226,4175982.475705984,0.17818063086,17.665562790219305,5.974423531436253
-10008735.417223226,4173805.982928689,0.176774841105,17.182029159743287,5.830066495969689
-10008735.417223226,4171629.9168448113,0.17113650553999998,16.712383714938746,5.25107991263875
-10008735.417223226,4169454.2771174465,0.1737287363375,16.256604658234394,5.517269612657032
-10008735.417223226,4167279.0634099655,0.16764770695499998,15.814600327751243,4.892823907941561
-10008735.417223226,4165104.2753859987,0.16802187841750002,15.386220444875999,4.931246639997037
-10006954.305370536,4215232.695926495,0.27676099290000006,26.953054840141927,17.984841687628144
-10006954.305370536,4213048.464754704,0.26925854188625,26.434613103406733,16.82922977991645
-10006954.305370536,4210864.666386093,0.26511482722625,25.90007145483188,16.19096823119333
-10006954.305370536,4208681.3004789455,0.247928411645,25.35297799926855,26.27329754159188
-10006954.305370536,4206498.366691818,0.24692017728875001,24.796660700331326,13.388423558007778
-10006954.305370536,4204315.864683537,0.23548440683125002,24.234202978271195,11.858805026483992
-10006954.305370536,4202133.794113195,0.22759593521249996,23.668428467329147,11.048757597133593
-10006954.305370536,4199952.154640159,0.2208558455425,23.10189381782591,10.356634639145472
-10006954.305370536,4197770.945924063,0.21907866489,22.536888322194773,10.174140400891877
-10006954.305370536,4195590.167624809,0.2148220645125,21.97543912475321,9.737040749627345
-10006954.305370536,4193409.8194025685,0.21215634606499997,21.41932082167774,9.46330478654969
-10006954.305370536,4191229.9009177824,0.20273292560875,20.870068350616695,8.49563729844852
-10006954.305370536,4189050.4118311545,0.20010595797999997,20.328992191114345,8.225880560071248
-10006954.305370536,4186871.35180366,0.19226821494625,19.79719503298536,14.842084644586096
-10006954.305370536,4184692.7204965428,0.18814871647124998,19.27558920871329,6.998021322641485
-10006954.305370536,4182514.517571309,0.18486364883249998,18.76491431973815,6.660685939487343
-10006954.305370536,4180336.742689733,0.18562554883875002,18.265754609723928,6.738923546379144
-10006954.305370536,4178159.3955138554,0.17810993010624998,17.77855574741218,5.967163447785546
-10006954.305370536,4175982.475705984,0.17687655193250001,17.303640776102807,5.840510926568597
-10006954.305370536,4173805.982928689,0.17206012657625,16.84122506601386,5.345924247798676
-10006954.305370536,4171629.9168448113,0.1726634088875,16.391430170523716,5.4078738001351585
-10006954.305370536,4169454.2771174465,0.17032113836624999,15.954296538848103,5.167351895984296
-10006954.305370536,4167279.0634099655,0.16763184878875,15.52979507766497,4.891195472494768
-10006954.305370536,4165104.2753859987,0.16583541951249997,15.117837584150509,4.706724641189843
-10005173.193517841,4217417.360243447,0.27777162417499995,26.48159382030697,18.140510486205464
-10005173.193517841,4215232.695926495,0.26668958851625,26.020974690882362,16.433530681143647
-10005173.193517841,4213048.464754704,0.26186430413,25.541153845206722,15.690286095524067
-10005173.193517841,4210864.666386093,0.25455100732125,25.045497817417974,14.563809846451298
-10005173.193517841,4208681.3004789455,0.25230095265749997,24.537224730572543,27.171308152034058
-10005173.193517841,4206498.366691818,0.23786093434125,24.019372027666424,12.102844695167112
-10005173.193517841,4204315.864683537,0.23037736488875,23.494772683612645,11.334375657013515
-10005173.193517841,4202133.794113195,0.22938061415,22.96603926666639,22.464043631056253
-10005173.193517841,4199952.154640159,0.22032749402000001,22.435555016415783,10.302379542178755
-10005173.193517841,4197770.945924063,0.2145081954525,21.905470989294184,9.704810320528594
-10005173.193517841,4195590.167624809,0.20628751480375002,21.377708278764675,8.860649176410082
-10005173.193517841,4193409.8194025685,0.20348267514124999,20.853964330965994,8.572627203567109
-10005173.193517841,4191229.9009177824,0.20083107394875,20.335722432634594,8.300340906112268
-10005173.193517841,4189050.4118311545,0.19454827517249998,19.824263532641456,7.655176006776094
-10005173.193517841,4186871.35180366,0.1915270940875,19.320679659509924,7.344938474110156
-10005173.193517841,4184692.7204965428,0.18318975285875003,18.825888305151878,12.977595493365795
-10005173.193517841,4182514.517571309,0.18257985022,18.340647252447074,6.426168369466251
-10005173.193517841,4180336.742689733,0.18049197148499999,17.86556942599453,6.211769321865938
-10005173.193517841,4178159.3955138554,0.1793457646,17.401137438030524,6.094068202362504
-10005173.193517841,4175982.475705984,0.17610604977625002,16.94771758331655,5.761389986398675
-10005173.193517841,4173805.982928689,0.17513937675999997,16.50557310702562,5.662124751042499
-10005173.193517841,4171629.9168448113,0.1730523858125,16.07487662843117,5.447816868121094
-10005173.193517841,4169454.2771174465,0.16763241511250002,15.655721651189301,4.891253626864846
-10005173.193517841,4167279.0634099655,0.1649534403075,15.24813312925112,4.616156401576408
-10005173.193517841,4165104.2753859987,0.16319267386375003,14.852077087060735,4.435347697383832
-10003392.081665149,4217417.360243447,0.27596519693,25.56021674399801,17.862264239624057
-10003392.081665149,4215232.695926495,0.25829292735500003,25.13413104216974,15.140182466649854
-10003392.081665149,4213048.464754704,0.25634666440250004,24.689517792032625,14.840397151247583
-10003392.081665149,4210864.666386093,0.24956073309125004,24.229414328289174,13.795151668961616
-10003392.081665149,4208681.3004789455,0.24215042943750004,23.75674012805758,25.086644445726574
-10003392.081665149,4206498.366691818,0.24080968317749998,23.274266870521426,24.811288682579065
-10003392.081665149,4204315.864683537,0.22807856016000003,22.784595632385212,11.098317146430004
-10003392.081665149,4202133.794113195,0.22191959776624998,22.290140791669952,20.931737391243594
-10003392.081665149,4199952.154640159,0.22172447063999998,21.79312002631969,10.445831578844999
-10003392.081665149,4197770.945924063,0.21162312988499998,21.29554967625547,9.408550150065938
-10003392.081665149,4195590.167624809,0.20670600093000002,20.79924467946982,8.903622470499382
-10003392.081665149,4193409.8194025685,0.20501712954875,20.305822283872725,8.73019649053727
-10003392.081665149,4191229.9009177824,0.19400912450250002,19.816708765579328,7.599811972350475
-10003392.081665149,4189050.4118311545,0.19051957053875002,19.333148440311845,7.241478399697892
-10003392.081665149,4186871.35180366,0.18979360387375,18.856214327837957,14.333861395571414
-10003392.081665149,4184692.7204965428,0.1882657296675,18.38681991173955,7.010037115231407
-10003392.081665149,4182514.517571309,0.18187857153874998,17.92573152187047,12.708311629770785
-10003392.081665149,4180336.742689733,0.1794540611525,17.473580949807676,6.105188904597346
-10003392.081665149,4178159.3955138554,0.18276252398375,17.03087798510465,6.44492668158133
-10003392.081665149,4175982.475705984,0.1712023909725,16.59802263017805,5.257845522988598
-10003392.081665149,4173805.982928689,0.1706083214175,16.175316813109543,5.19684200555953
-10003392.081665149,4171629.9168448113,0.17267847153875004,15.762975470219537,5.409420546135395
-10003392.081665149,4169454.2771174465,0.16813590255374997,15.36113691417961,4.942955493488201
-10003392.081665149,4167279.0634099655,0.16408343221500002,14.969872439288716,4.526817445577814
-10003392.081665149,4165104.2753859987,0.16223431189374998,14.589195144075163,4.3369359025894525
-10001610.969812458,4215232.695926495,0.25617770529499995,24.289914837475255,14.814372168720467
-10001610.969812458,4213048.464754704,0.253752706595,23.877436061594942,14.440846587711095
-10001610.969812458,4210864.666386093,0.24556322946374998,23.449871189640657,13.179411188338245
-10001610.969812458,4208681.3004789455,0.24083820264875,23.009869719089536,12.451609401740278
-10001610.969812458,4206498.366691818,0.23821092879000003,22.5599607207294,24.277569500246265
-10001610.969812458,4204315.864683537,0.22316327936875,22.10253124855874,10.59357925017852
-10001610.969812458,4202133.794113195,0.22167687212124998,21.639810470354693,20.88188761190172
-10001610.969812458,4199952.154640159,0.2130646898225,21.173859074948272,9.55658033614797
-10001610.969812458,4197770.945924063,0.20726486587375,20.70656339811914,8.961010914410705
-10001610.969812458,4195590.167624809,0.20449206626750002,20.23963364387829,8.676279054843913
-10001610.969812458,4193409.8194025685,0.2000372019375,19.774605554316285,8.218820173957031
-10001610.969812458,4191229.9009177824,0.188107259245,19.31284489080659,6.99376418372094
-10001610.969812458,4189050.4118311545,0.19088739559124998,18.855554123777196,7.279249434776485
-10001610.969812458,4186871.35180366,0.18835972426624997,18.40378077971078,7.019689185590547
-10001610.969812458,4184692.7204965428,0.1850964767475,17.958426955738084,6.684594456008907
-10001610.969812458,4182514.517571309,0.18204183278000002,17.52025957862824,12.741841407192506
-10001610.969812458,4180336.742689733,0.17939475924374995,17.089921051825332,12.239632453123432
-10001610.969812458,4178159.3955138554,0.17394163434874998,16.66793999828952,5.539131577187264
-10001610.969812458,4175982.475705984,0.17507780205125,16.25474186617417,5.6558017981377375
-10001610.969812458,4173805.982928689,0.17317531923,15.850659217520258,5.460440593430627
-10001610.969812458,4171629.9168448113,0.16802065108999997,15.455941566582101,4.931120608804373
-10001610.969812458,4169454.2771174465,0.16478047603999996,15.070764674000726,4.5983951333574975
-10001610.969812458,4167279.0634099655,0.164763733105,14.695239236099546,4.59667584321969
-10001610.969812458,4165104.2753859987,0.16624261719750003,14.329418935511375,4.748538753468285
-9999829.857959764,4215232.695926495,0.24740242615500002,23.485869681260354,13.462704953687352
-9999829.857959764,4213048.464754704,0.2511340222725,23.102755796141096,14.03748736816102
-9999829.857959764,4210864.666386093,0.23638808681999998,22.705002123409162,11.951601665328749
-9999829.857959764,4208681.3004789455,0.23875577701250003,22.295014286525223,12.194733851971101
-9999829.857959764,4206498.366691818,0.22864082386625,21.875100242910133,22.312109201531097
-9999829.857959764,4204315.864683537,0.21921065957750002,21.44745003796374,10.187694605364536
-9999829.857959764,4202133.794113195,0.21913184580375,21.014120429156687,20.359202831945158
-9999829.857959764,4199952.154640159,0.21699191641624999,20.57702406640947,9.959857416993673
-9999829.857959764,4197770.945924063,0.21054260912125,20.137922807781283,9.297594174138364
-9999829.857959764,4195590.167624809,0.20574980704625,19.698424682132995,8.805433311061801
-9999829.857959764,4193409.8194025685,0.19578433055374997,19.259983977852144,7.782103443738202
-9999829.857959764,4191229.9009177824,0.19135760436375002,18.823903932842455,7.327533998102581
-9999829.857959764,4189050.4118311545,0.19031280817375,18.391341519400218,7.220246489341953
-9999829.857959764,4186871.35180366,0.1846942722425,17.963313852153046,6.643293080901722
-9999829.857959764,4184692.7204965428,0.17981988204875002,17.54070579239201,6.142754137881019
-9999829.857959764,4182514.517571309,0.17969834194625,17.12427837321143,6.130273488605549
-9999829.857959764,4180336.742689733,0.175603843725,16.714677723080428,11.720592936681252
-9999829.857959764,4178159.3955138554,0.174693360005,16.312444217922735,5.6163244055134385
-9999829.857959764,4175982.475705984,0.17427014392375,15.918021641434983,5.572865404170079
-9999829.857959764,4173805.982928689,0.17356412045,15.531766178854863,5.500365618709378
-9999829.857959764,4171629.9168448113,0.1668155911,15.15395510993997,4.807376011081249
-9999829.857959764,4169454.2771174465,0.16928430421375,14.784795102189419,5.060881988949451
-9999829.857959764,4167279.0634099655,0.16889159949500002,14.42443003538762,5.020556123142819
-9999829.857959764,4165104.2753859987,0.1610801026775,14.072948313550969,4.218413043695782
-9998048.746107072,4215232.695926495,0.2497651803075,22.71968604531599,13.826642929239613
-9998048.746107072,4213048.464754704,0.24227506166125,22.36343843830173,12.672930591509418
-9998048.746107072,4210864.666386093,0.240525457245,21.993025960303658,12.403436836268913
-9998048.746107072,4208681.3004789455,0.2338349003275,21.61063405055788,23.378842654760327
-9998048.746107072,4206498.366691818,0.22469678814749997,21.218369389138797,21.50210286579281
-9998048.746107072,4204315.864683537,0.21628626994625003,20.818241051728968,9.88739634510555
-9998048.746107072,4202133.794113195,0.21150066739749998,20.412145804816124,18.791949566761563
-9998048.746107072,4199952.154640159,0.20666262462749999,20.001857326719218,8.899168266436407
-9998048.746107072,4197770.945924063,0.19774349093375002,19.58901904132366,7.983284725259455
-9998048.746107072,4195590.167624809,0.19674608905249996,19.1751401850785,7.880864019578592
-9998048.746107072,4193409.8194025685,0.192290039075,18.761594690351554,7.423283387514065
-9998048.746107072,4191229.9009177824,0.18764769685375002,18.34962245529812,6.946572870669455
-9998048.746107072,4189050.4118311545,0.18353808580874997,17.940332577167325,6.5245671864860135
-9998048.746107072,4186871.35180366,0.18158538920624998,17.53470814761654,6.324049654116797
-9998048.746107072,4184692.7204965428,0.184362995955,17.133612240663172,6.609275147129063
-9998048.746107072,4182514.517571309,0.17691301453500002,16.73779476246846,5.844255180062817
-9998048.746107072,4180336.742689733,0.17713174906250004,16.347899873944236,11.929788642473966
-9998048.746107072,4178159.3955138554,0.1691559651725,15.964473739617045,5.047703173651096
-9998048.746107072,4175982.475705984,0.17497794852125,15.587972397358886,5.645548088775865
-9998048.746107072,4173805.982928689,0.167096690105,15.218769582129944,4.836241365157189
-9998048.746107072,4171629.9168448113,0.1635892892525,14.857164371925395,4.476075140116096
-9998048.746107072,4169454.2771174465,0.1682613158275,14.503388555189499,4.955833869036408
-9998048.746107072,4167279.0634099655,0.1612036065475,14.15761364593784,4.231095347346408
-9998048.746107072,4165104.2753859987,0.16060445743875001,13.819957495710154,4.169570223241646
-9996267.634254381,4217417.360243447,0.24793412488374997,22.305131721807605,13.544603173500116
-9996267.634254381,4215232.695926495,0.2414925210725,21.9891947802811,12.552394886448521
-9996267.634254381,4213048.464754704,0.24585385214749997,21.657556879399348,13.224176163594604
-9996267.634254381,4210864.666386093,0.23371232047124998,21.312246803680743,23.35366781678297
-9996267.634254381,4208681.3004789455,0.22613666885500003,20.95525124665849,10.898909183047817
-9996267.634254381,4206498.366691818,0.222541085125,20.58849383076107,10.529687678773444
-9996267.634254381,4204315.864683537,0.21004678612,20.21381766777845,9.246679349697501
-9996267.634254381,4202133.794113195,0.21130053603374999,19.832971435816784,18.75084758793141
-9996267.634254381,4199952.154640159,0.20778420430875,19.44759883308751,9.01434047995477
-9996267.634254381,4197770.945924063,0.20247036022499998,19.059231179754185,8.468675115604688
-9996267.634254381,4195590.167624809,0.19490949037874997,18.669282875813206,7.69226829326789
-9996267.634254381,4193409.8194025685,0.19081370250500002,18.279049383542475,7.27168207598219
-9996267.634254381,4191229.9009177824,0.18683487624249998,17.88970738435922,6.863106354151719
-9996267.634254381,4189050.4118311545,0.18667138764500002,17.50231675842194,6.846318118795941
-9996267.634254381,4186871.35180366,0.18243764257125,17.11782404725109,6.4115654215352365
-9996267.634254381,4184692.7204965428,0.182532292125,16.737067081457212,6.421284747585938
-9996267.634254381,4182514.517571309,0.17427583523000004,16.360780484139028,5.573449830180633
-9996267.634254381,4180336.742689733,0.17600067500875,15.989601792859201,11.774925753281357
-9996267.634254381,4178159.3955138554,0.18077456638375,15.624077977052947,12.48157657106266
-9996267.634254381,4175982.475705984,0.17207402052374998,15.264672161526592,5.347350982532578
-9996267.634254381,4173805.982928689,0.1693078979075,14.911770399045153,5.063304766376409
-9996267.634254381,4171629.9168448113,0.16098994255125,14.565688365011663,4.2091547257314845
-9996267.634254381,4169454.2771174465,0.1626077401025,14.226677874341327,4.375282311775472
-9996267.634254381,4167279.0634099655,0.1639902501775,13.894933144593676,4.517248815102031
-9996267.634254381,4165104.2753859987,0.15895510498749998,13.570596750118174,4.000202343403906
-9994486.522401687,4215232.695926495,0.2447226855775,21.29236022250984,13.049941162859305
-9994486.522401687,4213048.464754704,0.23226091456374998,20.983291806145132,11.527792664265078
-9994486.522401687,4210864.666386093,0.22656670882500002,20.66105310639253,10.943068912467192
-9994486.522401687,4208681.3004789455,0.22517653802874998,20.327451431230113,21.600631497654536
-9994486.522401687,4206498.366691818,0.213141828735,19.984244018653783,9.564501538225317
-9994486.522401687,4204315.864683537,0.2149953083625,19.63312197212315,9.754830727474223
-9994486.522401687,4202133.794113195,0.20473394948874998,19.27569718026247,17.402234876252027
-9994486.522401687,4199952.154640159,0.20217749094624998,18.913492137239317,8.438601101543048
-9994486.522401687,4197770.945924063,0.1963739767575,18.547932500583496,7.842652738285785
-9994486.522401687,4195590.167624809,0.19024127127249998,18.180342164250625,7.212900543794842
-9994486.522401687,4193409.8194025685,0.18834425269250002,17.811940585285658,7.0181004483611
-9994486.522401687,4191229.9009177824,0.18459530958000003,17.443842080421096,6.633130852496254
-9994486.522401687,4189050.4118311545,0.18682238060375,17.07705680174922,6.861823208247582
-9994486.522401687,4186871.35180366,0.18008326300375,16.712493105376875,6.169800069697579
-9994486.522401687,4184692.7204965428,0.1731671869225,16.35096104087631,5.459605507104219
-9994486.522401687,4182514.517571309,0.17524585690750002,15.993176709767265,5.673058931188908
-9994486.522401687,4180336.742689733,0.1733415668375,15.639767265867373,5.4775121446257815
-9994486.522401687,4178159.3955138554,0.16828355844999998,15.291276357157091,10.718323877779167
-9994486.522401687,4175982.475705984,0.17097890784375,14.94816983627044,5.234896599205079
-9994486.522401687,4173805.982928689,0.1660544416875,14.610841593614323,4.729215480785155
-9994486.522401687,4171629.9168448113,0.159987505445,14.27961939257383,4.10621696538344
-9994486.522401687,4169454.2771174465,0.16122149136,13.954770609683365,4.232931894029998
-9994486.522401687,4167279.0634099655,0.15778587820749998,13.63650780371689,3.8801373684326546
-9994486.522401687,4165104.2753859987,0.15633339686375,13.324994056167494,3.7309856904463277
-9992705.410548996,4217417.360243447,0.23826816797249997,20.90128531753506,12.144662498676096
-9992705.410548996,4215232.695926495,0.23832777111749998,20.627273115229762,12.150782996628282
-9992705.410548996,4213048.464754704,0.22644154450500004,20.33892750108642,10.930216101357194
-9992705.410548996,4210864.666386093,0.2243189376875,20.03791593273484,10.712250913785159
-9992705.410548996,4208681.3004789455,0.2182990618325,19.725883787787083,20.188169823849698
-9992705.410548996,4206498.366691818,0.21571339052500002,19.404437133099933,9.828568789535945
-9992705.410548996,4204315.864683537,0.20682388597625,19.075127980750757,8.915727791186173
-9992705.410548996,4202133.794113195,0.1968881724725,18.73944207513518,15.790908421539692
-9992705.410548996,4199952.154640159,0.20009055249874996,18.398789169074128,8.224298609715389
-9992705.410548996,4197770.945924063,0.1911675886625,18.054495676273593,7.3080217607804725
-9992705.410548996,4195590.167624809,0.19252399844999998,17.707799533424662,7.447308090834376
-9992705.410548996,4193409.8194025685,0.18519469429375002,17.359847067083425,6.6946801702894545
-9992705.410548996,4191229.9009177824,0.18702092123499997,17.011691636866352,6.882210849319062
-9992705.410548996,4189050.4118311545,0.17764473025000002,16.664293815569994,5.919393237546881
-9992705.410548996,4186871.35180366,0.17327718207625,16.318522866410838,5.470900634454927
-9992705.410548996,4184692.7204965428,0.1738104807525,15.975159285464965,5.525663742272345
-9992705.410548996,4182514.517571309,0.17366851152249999,15.63489819145977,5.511085276966719
-9992705.410548996,4180336.742689733,0.17389454811250002,15.298353363382233,5.534296409302346
-9992705.410548996,4178159.3955138554,0.16767168837249996,14.966061747245496,10.634548666334787
-9992705.410548996,4175982.475705984,0.16724932501250003,14.63848827542686,4.851915062221097
-9992705.410548996,4173805.982928689,0.16467709468625003,14.316030864139567,4.587779160594301
-9992705.410548996,4171629.9168448113,0.16472003822250003,13.999025476010996,4.592188924972976
-9992705.410548996,4169454.2771174465,0.15954110359625,13.68775115480741,4.060377075539924
-9992705.410548996,4167279.0634099655,0.15962361903250002,13.382434957718022,4.068850379399847
-9992705.410548996,4165104.2753859987,0.1566139660475,13.08325672702394,3.759796638502656
-9990924.298696304,4217417.360243447,0.24239838081374998,20.247761247052047,12.691925594717937
-9990924.298696304,4215232.695926495,0.23252349908,19.992143507106412,11.554756811777501
-9990924.298696304,4213048.464754704,0.23103792401874998,19.722847295479845,11.40220682267539
-9990924.298696304,4210864.666386093,0.22460639943,19.4413866234116,10.741769641468128
-9990924.298696304,4208681.3004789455,0.21909935518375,19.149260657107448,10.176265035431332
-9990924.298696304,4206498.366691818,0.20889777985375,18.847938141406466,9.128690768731953
-9990924.298696304,4204315.864683537,0.20513584283,18.53884390690236,8.742386860605627
-9990924.298696304,4202133.794113195,0.19941201039,18.223347522970407,16.30924163384626
-9990924.298696304,4199952.154640159,0.19204738503875,17.90275408479731,7.398365851166641
-9990924.298696304,4197770.945924063,0.19505692459500004,17.578297060490833,7.707407944349068
-9990924.298696304,4195590.167624809,0.18394178786249998,17.251133075405857,6.566022341130469
-9990924.298696304,4193409.8194025685,0.18315116982125001,16.92233847479263,6.484835751019612
-9990924.298696304,4191229.9009177824,0.18241709102375,16.592907481914402,6.40945503450133
-9990924.298696304,4189050.4118311545,0.17866552449874998,16.263751755583517,6.02421604696539
-9990924.298696304,4186871.35180366,0.17162968035125,15.935701147012779,5.30172280106899
-9990924.298696304,4184692.7204965428,0.17402978222999999,15.609505459255786,5.548183262743124
-9990924.298696304,4182514.517571309,0.16826205735,15.285837021629709,4.955910014128128
-9990924.298696304,4180336.742689733,0.1684142867525,14.965293904774429,10.73622276119646
-9990924.298696304,4178159.3955138554,0.16757242835625,14.648403617990441,10.620958315776564
-9990924.298696304,4175982.475705984,0.16666594740625001,14.33562714802228,4.792009474279299
-9990924.298696304,4173805.982928689,0.1591351642725,14.02736321652301,4.018692181232344
-9990924.298696304,4171629.9168448113,0.1582623770325,13.723952651286572,3.9290678415248474
-9990924.298696304,4169454.2771174465,0.16033286078750003,13.425682783387499,4.14168064211641
-9990924.298696304,4167279.0634099655,0.15777936546625,13.132791798253779,3.8794685913155473
-9990924.298696304,4165104.2753859987,0.15484813637625,12.845472983120649,3.5784680041361714
-9989143.18684361,4217417.360243447,0.24021771065625003,19.6240126725889,12.356034244520515
-9989143.18684361,4215232.695926495,0.23122591187874997,19.38529374783696,11.421510826049138
-9989143.18684361,4213048.464754704,0.2215424696225,19.133528827970913,10.42714234936047
-9989143.18684361,4210864.666386093,0.21939480601,18.870094037153756,10.206604142151877
-9989143.18684361,4208681.3004789455,0.20610271870125,18.59635647364633,8.841672926634612
-9989143.18684361,4206498.366691818,0.20504656404125002,18.31366014475085,8.733219044985862
-9989143.18684361,4204315.864683537,0.2023395893775,18.023313647176096,8.455246584202033
-9989143.18684361,4202133.794113195,0.19881077967875002,17.726579666197498,16.185763876523286
-9989143.18684361,4199952.154640159,0.199003958635,17.42466630329789,8.112719002331566
-9989143.18684361,4197770.945924063,0.18609262390624998,17.118720187760008,6.786886317373047
-9989143.18684361,4195590.167624809,0.18521867588625,16.809821283801256,6.6971427800692975
-9989143.18684361,4193409.8194025685,0.18350640369375001,16.498979271395438,6.521313829301958
-9989143.18684361,4191229.9009177824,0.18147459381375,16.18713135545104,6.3126723522494546
-9989143.18684361,4189050.4118311545,0.179284718305,15.875141343618045,12.22456601459292
-9989143.18684361,4186871.35180366,0.17492803996124998,15.563799826489229,5.640423103520859
-9989143.18684361,4184692.7204965428,0.17439945705875,15.253825294030282,5.586144246720393
-9989143.18684361,4182514.517571309,0.17422635435875,14.945866027380898,5.568368763214143
-9989143.18684361,4180336.742689733,0.16630864167749998,14.640502614412606,4.75531864225828
-9989143.18684361,4178159.3955138554,0.16518153949875,14.33825094942274,10.29360578303719
-9989143.18684361,4175982.475705984,0.16297916085250003,14.039565591073442,4.4134225800411
-9989143.18684361,4173805.982928689,0.16377385159,13.744843367270073,4.495027385148125
-9989143.18684361,4171629.9168448113,0.15976409864375,13.454427130427757,4.083275879480078
-9989143.18684361,4169454.2771174465,0.1587041502225,13.168609580948534,3.97443242597297
-9989143.18684361,4167279.0634099655,0.16082711324375001,12.88763709036111,4.1924341912175835
-9989143.18684361,4165104.2753859987,0.15323762132875,12.611713468146073,3.4130882401960165
-9987362.074990919,4217417.360243447,0.2315744582225,19.02832670859445,11.457302178722971
-9987362.074990919,4215232.695926495,0.23477150781,18.805151666498624,11.785599208239375
-9987362.074990919,4213048.464754704,0.2154908337975,18.569539226234898,9.805714995580784
-9987362.074990919,4210864.666386093,0.21383031906625,18.32274150643989,9.635200889115549
-9987362.074990919,4208681.3004789455,0.2074309594325,18.066006256167483,8.978066646724846
-9987362.074990919,4206498.366691818,0.19917657081249998,17.800564164561166,8.130444115308594
-9987362.074990919,4204315.864683537,0.19879359511375,17.527617632661077,8.091117298243205
-9987362.074990919,4202133.794113195,0.19327818529875004,17.248331086466276,15.04950730573079
-9987362.074990919,4199952.154640159,0.18839116397125,16.963822855963063,7.022917650297736
-9987362.074990919,4197770.945924063,0.18451276081625,16.675158597655745,6.624654126318673
-9987362.074990919,4195590.167624809,0.18379828468874998,16.38334619909003,6.551286358976014
-9987362.074990919,4193409.8194025685,0.17836328574,16.089332073219367,5.993179904426251
-9987362.074990919,4191229.9009177824,0.174433888195,15.79399872802135,5.589679894024065
-9987362.074990919,4189050.4118311545,0.17504935963625,15.498163481947566,5.652881117647425
-9987362.074990919,4186871.35180366,0.17643837812999996,15.20257818772772,5.795515954224373
-9987362.074990919,4184692.7204965428,0.1677355330225,14.907929824750182,4.901842547247971
-9987362.074990919,4182514.517571309,0.16791112589874999,14.614841822659871,4.9198737407278905
-9987362.074990919,4180336.742689733,0.16644320635874998,14.323875984895128,4.769136752964143
-9987362.074990919,4178159.3955138554,0.16299588726125003,14.035534889649933,9.994353564186154
-9987362.074990919,4175982.475705984,0.16080417481874998,13.750264656330803,4.190078701700391
-9987362.074990919,4173805.982928689,0.16136468329374998,13.468457977219742,4.247635915726953
-9987362.074990919,4171629.9168448113,0.16026047458125,13.190457326135997,4.134247483562113
-9987362.074990919,4169454.2771174465,0.15432271294875,12.916558267908593,3.524513585924767
-9987362.074990919,4167279.0634099655,0.158732356995,12.647012804075342,3.9773289089240618
-9987362.074990919,4165104.2753859987,0.1520199025775,12.382032701100105,3.288043745927033
-9985580.963138226,4215232.695926495,0.218988725755,18.250243992254163,10.164904775966566
-9985580.963138226,4213048.464754704,0.2166369642775,18.0295303000222,9.923408269245787
-9985580.963138226,4210864.666386093,0.20451922635,17.798103615438002,8.679068055815629
-9985580.963138226,4208681.3004789455,0.20870960981875,17.557103772178763,9.109368058262893
-9985580.963138226,4206498.366691818,0.20497303866875,17.307658492476882,8.725668908297267
-9985580.963138226,4204315.864683537,0.19122512797500002,17.05087316792673,14.627860657865636
-9985580.963138226,4202133.794113195,0.18877672937750004,16.787821946205437,7.062510397952039
-9985580.963138226,4199952.154640159,0.19232054894624998,16.51954015848088,7.426416369918046
-9985580.963138226,4197770.945924063,0.18175862092749998,16.247018081382425,6.341838386492656
-9985580.963138226,4195590.167624809,0.1834911946875,15.971195992876893,6.519752054472658
-9985580.963138226,4193409.8194025685,0.1799684851,15.692960453605568,6.15801381370625
-9985580.963138226,4191229.9009177824,0.17713322751125,15.413141724165714,5.866868300061484
-9985580.963138226,4189050.4118311545,0.1707472900125,15.13251221411267,5.2111123431585975
-9985580.963138226,4186871.35180366,0.17122392485375001,14.851785849511236,5.260056783419456
-9985580.963138226,4184692.7204965428,0.1669762492225,14.571618241929677,4.82387359203547
-9985580.963138226,4182514.517571309,0.1665960329225,14.292607542037949,4.784830130729221
-9985580.963138226,4180336.742689733,0.1637990881775,14.015295864595046,4.497618867227032
-9985580.963138226,4178159.3955138554,0.1634123488825,13.740171177784086,4.457905575871719
-9985580.963138226,4175982.475705984,0.16081551202874997,13.46766955785524,4.191242891452264
-9985580.963138226,4173805.982928689,0.15725133184125,13.198177719207038,3.825246138448363
-9985580.963138226,4171629.9168448113,0.1590171526975,12.932035739833571,4.006573867624532
-9985580.963138226,4169454.2771174465,0.15771494479249998,12.669539912030908,3.872853393379843
-9985580.963138226,4167279.0634099655,0.1565062261225,12.410945658062198,3.7487330949542215
-9985580.963138226,4165104.2753859987,0.156105893905,12.156470459822375,3.7076239803696875
-9983799.851285534,4215232.695926495,0.21187310868125,17.719190056940448,9.434219847705865
-9983799.851285534,4213048.464754704,0.20665682987499998,17.512233811322208,8.898573217789062
-9983799.851285534,4210864.666386093,0.20752631671000002,17.295022884535573,8.98785864715813
-9983799.851285534,4208681.3004789455,0.20575008025375,17.0685994723248,8.805461366056953
-9983799.851285534,4206498.366691818,0.20546405553875002,16.833997705850773,8.776090203135393
-9983799.851285534,4204315.864683537,0.18723121618250002,16.59223436066821,13.80761102348095
-9983799.851285534,4202133.794113195,0.1865170846625,16.34430067213255,6.83047313128047
-9983799.851285534,4199952.154640159,0.18136453837000002,16.0911552983563,6.301371033869382
-9983799.851285534,4197770.945924063,0.18172764629125002,15.833718436476378,6.338657678532737
-9983799.851285534,4195590.167624809,0.17859810061375,15.57286706760442,6.017292456774455
-9983799.851285534,4193409.8194025685,0.17985173917125,15.309431280832804,6.146025466147735
-9983799.851285534,4191229.9009177824,0.17486126163750002,15.044191607152168,5.633565804400783
-9983799.851285534,4189050.4118311545,0.17163916735124998,14.777877279915147,5.302696997381485
-9983799.851285534,4186871.35180366,0.17364191911875002,14.51116532914115,5.508354569506646
-9983799.851285534,4184692.7204965428,0.17132572979875,14.24468041194859,5.270510878709142
-9983799.851285534,4182514.517571309,0.16160915534125,13.978995280103346,4.272740139104609
-9983799.851285534,4180336.742689733,0.16816412088875,13.714631787410966,4.945853163763514
-9983799.851285534,4178159.3955138554,0.162771747525,13.452062343799803,4.39212382397344
-9983799.851285534,4175982.475705984,0.15421073153375,13.191711728838753,8.791519325829274
-9983799.851285534,4173805.982928689,0.15853066341625,12.933959184548568,3.956617499556171
-9983799.851285534,4171629.9168448113,0.15757278951125,12.679140715222305,3.8582558229364876
-9983799.851285534,4169454.2771174465,0.15682580355374998,12.427551530163003,3.7815497024257025
-9983799.851285534,4167279.0634099655,0.15043922150875,12.17944857347001,3.1257275586797677
-9983799.851285534,4165104.2753859987,0.14998784733125,11.935053092972565,3.0793770728277363
-9982018.739432842,4215232.695926495,0.21382398836625,17.210695803704734,9.6345508053593
-9982018.739432842,4213048.464754704,0.20408595004750002,17.01645686939504,8.63457599550266
-9982018.739432842,4210864.666386093,0.20073540560000003,16.81240642661287,8.290516962550006
-9982018.739432842,4208681.3004789455,0.19699805259999997,16.599498271560318,7.9067375263625
-9982018.739432842,4206498.366691818,0.19411313528000002,16.378681432202562,15.220985158130004
-9982018.739432842,4204315.864683537,0.18900340557124998,16.15089172769487,7.085787209597735
-9982018.739432842,4202133.794113195,0.18405828549249997,15.91704426518781,6.577985191511091
-9982018.739432842,4199952.154640159,0.18426427899874998,15.678026918717018,6.59913814968414
-9982018.739432842,4197770.945924063,0.18064924695999998,15.434694804384907,6.2279195472049995
-9982018.739432842,4195590.167624809,0.17759986740625003,15.187865739402879,5.914786384279301
-9982018.739432842,4193409.8194025685,0.17107325654375,14.938316650215427,5.244585031336329
-9982018.739432842,4191229.9009177824,0.17699092789874998,14.686780877042288,11.910507878137189
-9982018.739432842,4189050.4118311545,0.17058133742625,14.433946308678303,5.194071086958051
-9982018.739432842,4186871.35180366,0.1655809570325,14.180454272013938,4.680594525274845
-9982018.739432842,4184692.7204965428,0.16710097432749996,13.926899095085373,4.836681301255154
-9982018.739432842,4182514.517571309,0.1661932569775,13.673828260058713,4.743470075877032
-9982018.739432842,4180336.742689733,0.1639691633,13.421743062872217,4.515083456368754
-9982018.739432842,4178159.3955138554,0.15813091319125,13.171099698765662,3.9155681483264853
-9982018.739432842,4175982.475705984,0.16136093167125,12.92231069712564,9.770500894655317
-9982018.739432842,4173805.982928689,0.15586945789374998,12.67574663449143,3.6833449574644512
-9982018.739432842,4171629.9168448113,0.15346431259875,12.431738060789732,3.4363665999841437
-9982018.739432842,4169454.2771174465,0.1500803406975,12.190577580536496,3.0888749853745336
-9982018.739432842,4167279.0634099655,0.15270084261249997,11.952522037587535,3.3579677757710926
-9982018.739432842,4165104.2753859987,0.1513301088625,11.71779475876632,3.2172105538179694
-9980237.62758015,4215232.695926495,0.20697855958999997,16.72354811430302,17.86322167579625
-9980237.62758015,4213048.464754704,0.20245180637375002,16.541077484395746,16.93353973400891
-9980237.62758015,4210864.666386093,0.20067551871124997,16.349222624820786,16.568734655322967
-9980237.62758015,4208681.3004789455,0.19607748079875,16.148857238128876,15.624412619043287
-9980237.62758015,4206498.366691818,0.18765102658500002,15.94085293060363,13.89382958489439
-9980237.62758015,4204315.864683537,0.18900355889875,15.726071548472989,7.085802954415394
-9980237.62758015,4202133.794113195,0.17783693413125,15.505358308252006,5.93913017360274
-9980237.62758015,4199952.154640159,0.18190297825375001,15.279535767485168,6.356662079431956
-9980237.62758015,4197770.945924063,0.1832396310975,15.049398655899658,6.493919618324533
-9980237.62758015,4195590.167624809,0.17791132782125,14.815709563702649,5.9467694756446114
-9980237.62758015,4193409.8194025685,0.17471084589625,14.579195463882492,5.618119987971173
-9980237.62758015,4191229.9009177824,0.16968585479874998,14.34054502912046,5.102116214646641
-9980237.62758015,4189050.4118311545,0.17302860133749998,14.100406691292214,5.445374499844531
-9980237.62758015,4186871.35180366,0.17154473402499998,13.859387382372828,5.292999875192187
-9980237.62758015,4184692.7204965428,0.16613105472999998,13.618051889578092,4.737082682586873
-9980237.62758015,4182514.517571309,0.16867059586125,13.376922754424564,4.997861812502112
-9980237.62758015,4180336.742689733,0.16242825676000003,13.13648064465943,4.356851616042503
-9980237.62758015,4178159.3955138554,0.16067252975125,12.897165129266542,4.176560398831483
-9980237.62758015,4175982.475705984,0.15656943042625,12.659375789597517,9.114464515860732
-9980237.62758015,4173805.982928689,0.15862618336875,12.423473603699687,3.9664262046785184
-9980237.62758015,4171629.9168448113,0.15467873816375,12.189782545770884,3.5610729251900795
-9980237.62758015,4169454.2771174465,0.1546999479275,11.958591348044129,3.5632509028051573
-9980237.62758015,4167279.0634099655,0.15306047641875,11.730155378054336,3.394897672250392
-9980237.62758015,4165104.2753859987,0.15273458337125004,11.504698589909307,3.3614325299352386
-9978456.515727457,4213048.464754704,0.19969003692625,16.08504030232988,8.1831706668643
-9978456.515727457,4210864.666386093,0.19359513588,15.904497869249415,7.5573005156775
-9978456.515727457,4208681.3004789455,0.19155208817875,15.715783238404716,7.347505054855392
-9978456.515727457,4206498.366691818,0.1846060441425,15.519697545083158,13.26846631576594
-9978456.515727457,4204315.864683537,0.18699728635625001,15.31703502514419,6.879783842707427
-9978456.515727457,4202133.794113195,0.18239060602249998,15.108576731698083,6.40673535593547
-9978456.515727457,4199952.154640159,0.1854185377325,14.89508497090459,6.717666093406096
-9978456.515727457,4197770.945924063,0.17554157922,14.677298480690911,5.703425916153753
-9978456.515727457,4195590.167624809,0.17170394060500002,14.455928355898392,5.30934840087594
-9978456.515727457,4193409.8194025685,0.175944239485,14.23165470576937,5.744774092115936
-9978456.515727457,4191229.9009177824,0.17269376953250004,14.005124015013726,5.410991458868601
-9978456.515727457,4189050.4118311545,0.17074944926000002,13.776947168009647,5.2113340708862514
-9978456.515727457,4186871.35180366,0.16894825487124998,13.547698086907777,0.0
